n,run,time_seconds
100,1,0.0012150999998539191
250,1,0.0007891999998719257
500,1,0.0016818000001421751
750,1,0.0030871000001297944
1000,1,0.00912169899993387
1250,1,0.007363600000189763
1500,1,0.013552699999991091
1750,1,0.00674340000000484
2000,1,0.016441799999938667
100,2,0.0002966990000459191
250,2,0.0007267000000865664
500,2,0.0015746999999919353
750,2,0.0025040000000444707
1000,2,0.006752200000164521
1250,2,0.003869199999826378
1500,2,0.006346898999936457
1750,2,0.0073879999999917345
2000,2,0.008526100000153747
100,3,0.00039630000014767575
250,3,0.0008512000001701381
500,3,0.001742100000001301
750,3,0.002525499999819658
1000,3,0.007759799999803363
1250,3,0.005086800000071889
1500,3,0.007871899000065241
1750,3,0.00702410000008058
2000,3,0.005942700000105106
100,4,0.00023729999998067797
250,4,0.0009107999999287131
500,4,0.00181069999985084
750,4,0.0016997990001073049
1000,4,0.0020472999999583408
1250,4,0.0035742000000027474
1500,4,0.00296810000008918
1750,4,0.0062425000000985165
2000,4,0.006344099999978425
100,5,0.00027740000018638966
250,5,0.0007364990001406113
500,5,0.0018855000000712607
750,5,0.0027227999999013264
1000,5,0.004095799999959127
1250,5,0.002553600000055667
1500,5,0.002962200000183657
1750,5,0.00729139899999609
2000,5,0.00820970000017951
100,6,0.00013269999999465654
250,6,0.000453599999900689
500,6,0.0008961999999428372
750,6,0.0021361999999953696
1000,6,0.0039624999999432475
1250,6,0.004874700000073062
1500,6,0.0053173989999777405
1750,6,0.009633500000063577
2000,6,0.008183300000155214
100,7,0.0003085999999257183
250,7,0.002297199999929944
500,7,0.0009254000001419627
750,7,0.001350499999944077
1000,7,0.001904200000126366
1250,7,0.002690199999960896
1500,7,0.005225900000141337
1750,7,0.004130499999973836
2000,7,0.006231799000033789
100,8,0.0001434000000699598
250,8,0.00043049999999311694
500,8,0.0013523999998596992
750,8,0.0020939999999427528
1000,8,0.0022030999998605694
1250,8,0.003206900000122914
1500,8,0.005388299999822266
1750,8,0.006023898999956145
2000,8,0.0054426000001512875
100,9,0.00025870000013128447
250,9,0.0030506000000514177
500,9,0.0016642000000501866
750,9,0.003775900000164256
1000,9,0.003378300000122181
1250,9,0.003338599000016984
1500,9,0.005479599999944185
1750,9,0.004864900000029593
2000,9,0.004664600000069186
100,10,0.0001817999998365849
250,10,0.0004607999999279855
500,10,0.0009046000000125787
750,10,0.0013472000000547268
1000,10,0.002534199999900011
1250,10,0.0033934999999019055
1500,10,0.0029509999999390857
1750,10,0.0045629000001099485
2000,10,0.009144599999899583
100,11,0.0002549999999246211
250,11,0.0007556999998996616
500,11,0.0017555990000346355
750,11,0.002406399999927089
1000,11,0.0036422000000584376
1250,11,0.005382399999916743
1500,11,0.005446899999924426
1750,11,0.008178498999996009
2000,11,0.004470800000035524
100,12,0.0001357000001007691
250,12,0.0004320000000461732
500,12,0.001678399999946123
750,12,0.002700300000014977
1000,12,0.005167199999959848
1250,12,0.004606699000078152
1500,12,0.005497999999988679
1750,12,0.012676400000145804
2000,12,0.008286898999813275
100,13,0.00024499999994986865
250,13,0.0007038000001102773
500,13,0.0019601999999849795
750,13,0.0013733000000684115
1000,13,0.0035745000000133587
1250,13,0.0025811000000430795
1500,13,0.004850999999916894
1750,13,0.007218198999908054
2000,13,0.007997299999942697
100,14,0.00021829999991496152
250,14,0.0005888999999115185
500,14,0.0018657000000530388
750,14,0.003291300000000774
1000,14,0.0037547990000348364
1250,14,0.004961399999956484
1500,14,0.006536500000038359
1750,14,0.0069821999998112005
2000,14,0.009487099000125454
100,15,0.0002529999999296706
250,15,0.0007590000000163855
500,15,0.0017279999999573192
750,15,0.002817100000129358
1000,15,0.004006800000070143
1250,15,0.005000600000130362
1500,15,0.005142700000078548
1750,15,0.009684699999979784
2000,15,0.007068000000117536
100,16,0.0002924990001247352
250,16,0.0006868000000395114
500,16,0.00162529999988692
750,16,0.002550499999870226
1000,16,0.0033436000001074717
1250,16,0.0054620999999315245
1500,16,0.006737600000178645
1750,16,0.008264899000096193
2000,16,0.006415700000161451
100,17,0.00025309999978162523
250,17,0.0010022999999819149
500,17,0.001571799999965151
750,17,0.0032768000000942266
1000,17,0.0035674989999279205
1250,17,0.0039640999998482584
1500,17,0.0031306999999287655
1750,17,0.0058745000001181324
2000,17,0.004672499999969659
100,18,0.00014209999994818645
250,18,0.00037919999999758147
500,18,0.0008609000001342793
750,18,0.0013872989998162666
1000,18,0.0030466999999134714
1250,18,0.004174299999931463
1500,18,0.00382579999995869
1750,18,0.004214699999920413
2000,18,0.007683099000132643
100,19,0.0001734999998461717
250,19,0.0003873000000567117
500,19,0.0009669999999459833
750,19,0.001311400000076901
1000,19,0.002207300000009127
1250,19,0.003497000000152184
1500,19,0.009616499999992811
1750,19,0.006679998999970849
2000,19,0.007498700000041936
100,20,0.0001356000000214408
250,20,0.00038900000004105095
500,20,0.0008804999999938445
750,20,0.001402000000098269
1000,20,0.002029700000093726
1250,20,0.002700999999888154
1500,20,0.005740499000012278
1750,20,0.0036411999999472755
2000,20,0.005042600000024322
100,21,0.00025950000008378993
250,21,0.0006622999999308377
500,21,0.0012833999999202206
750,21,0.002343599999903745
1000,21,0.0020124999998643034
1250,21,0.0032258989999718324
1500,21,0.0036488000000645116
1750,21,0.006117399999993722
2000,21,0.005735299999969357
100,22,0.0005888000000595639
250,22,0.00045350000004873436
500,22,0.0009724999999889405
750,22,0.0028016999999636027
1000,22,0.0032395000000633445
1250,22,0.004693300000099043
1500,22,0.012365399999907822
1750,22,0.01490539900009935
2000,22,0.008252900000115915
100,23,0.00023929999997562845
250,23,0.0007749000001240347
500,23,0.004790198999899076
750,23,0.0026835000001028675
1000,23,0.003647000000000844
1250,23,0.007608500000060303
1500,23,0.006194198999992295
1750,23,0.010614300000042931
2000,23,0.005815300000222123
100,24,0.00017040000011547818
250,24,0.0003612000000430271
500,24,0.0009234999999989668
750,24,0.0015932999999677122
1000,24,0.0031018990000575286
1250,24,0.0026724000001649983
1500,24,0.0030266999999639665
1750,24,0.006810500000028696
2000,24,0.0110838989999138
100,25,0.0001653000001624605
250,25,0.00040880000005927286
500,25,0.0009618999999929656
750,25,0.0031087999998362648
1000,25,0.0039741000000503846
1250,25,0.002459499999986292
1500,25,0.0034474999999929423
1750,25,0.00724459899993235
2000,25,0.005730300000095667
100,26,0.00024230000008174102
250,26,0.0007307000000764674
500,26,0.002351500000031592
750,26,0.0024141000001236534
1000,26,0.004032899999856454
1250,26,0.002700699000115492
1500,26,0.004151999999976397
1750,26,0.008194500000172411
2000,26,0.005707999999913227
100,27,0.00013230000013209064
250,27,0.00036980000004405156
500,27,0.000922799999898416
750,27,0.0014229000000796077
1000,27,0.0018767990000014834
1250,27,0.005099599999994098
1500,27,0.004139599999916754
1750,27,0.011266900000009628
2000,27,0.0050281989999803045
100,28,0.00013009999997848354
250,28,0.00042639999992388766
500,28,0.0008749999999508873
750,28,0.0018230000000585278
1000,28,0.0053829000000860106
1250,28,0.004755400000021837
1500,28,0.0051225990000602906
1750,28,0.006920799999988958
2000,28,0.005310300000019197
100,29,0.0002951000001303328
250,29,0.0006754999999429856
500,29,0.0015539999999418797
750,29,0.00275340000007418
1000,29,0.004368298999906983
1250,29,0.005960899999990943
1500,29,0.005840199999965989
1750,29,0.007940500000131578
2000,29,0.007687899000075049
100,30,0.00023880000003373425
250,30,0.0007430000000567816
500,30,0.0008611999999175168
750,30,0.0013985000000502623
1000,30,0.0023601000000326167
1250,30,0.004120099999909144
1500,30,0.004853800000091724
1750,30,0.00458880000019235
2000,30,0.0040248000000246975
100,31,0.00013249999983599992
250,31,0.00048520000018470455
500,31,0.0011087000000316038
750,31,0.0017029000000547967
1000,31,0.003393200000118668
1250,31,0.005691500000011729
1500,31,0.004287699000087741
1750,31,0.005523499999981141
2000,31,0.006788500000084241
100,32,0.00012970000011591765
250,32,0.00036749999981111614
500,32,0.0008622000000286789
750,32,0.001460700000052384
1000,32,0.0018815999999333144
1250,32,0.0038798990001396305
1500,32,0.004952499999944848
1750,32,0.005254500000091866
2000,32,0.007667100000162463
100,33,0.00028709999992315716
250,33,0.0007166000000324857
500,33,0.0018570990000625898
750,33,0.005459799999925963
1000,33,0.0036018000000694883
1250,33,0.004550599999902261
1500,33,0.011460898999985147
1750,33,0.007439399999839225
2000,33,0.011344799999960742
100,34,0.00024450000000797445
250,34,0.0010621989999890502
500,34,0.0020984000000225933
750,34,0.0029661000000942295
1000,34,0.006201400000009016
1250,34,0.005085000000008222
1500,34,0.008161399000073288
1750,34,0.007373300000153904
2000,34,0.00872590000017226
100,35,0.00028300000008130155
250,35,0.0007439000000886153
500,35,0.001661599000044589
750,35,0.002678399999922476
1000,35,0.0038202999999157328
1250,35,0.004980299999942872
1500,35,0.010600299000088853
1750,35,0.006683699999939563
2000,35,0.008467799999834824
100,36,0.00028100000008635106
250,36,0.0007901999999830878
500,36,0.0016210989999763115
750,36,0.013700499999913518
1000,36,0.003384399999958987
1250,36,0.004936900000075184
1500,36,0.005870099999810918
1750,36,0.00695249899990813
2000,36,0.018816599000047063
100,37,0.0001776999999947293
250,37,0.00036550000004353933
500,37,0.0008278000000245811
750,37,0.00144470000009278
1000,37,0.0043188999998164945
1250,37,0.003653799999938201
1500,37,0.00285200000007535
1750,37,0.0044188000001668115
2000,37,0.008824798999967243
100,38,0.00028670000006059126
250,38,0.0007131999998364336
500,38,0.0017043000000285247
750,38,0.001342699999895558
1000,38,0.0021410000001651497
1250,38,0.004863900000145804
1500,38,0.006078799000079016
1750,38,0.004786100000046645
2000,38,0.009762799999862182
100,39,0.0002704000000903761
250,39,0.000751600000057806
500,39,0.0016765000000305008
750,39,0.0026250000000800355
1000,39,0.003559098999858179
1250,39,0.0055422999998882005
1500,39,0.005613099999891347
1750,39,0.005905199999915567
2000,39,0.0086685999999645
100,40,0.0002675999999155465
250,40,0.000679099999842947
500,40,0.0016167999999652238
750,40,0.0024146000000655476
1000,40,0.0032400000000052387
1250,40,0.0041364000001067325
1500,40,0.005780498999911288
1750,40,0.006833300000153031
2000,40,0.007212700000081895
100,41,0.00031359999979940767
250,41,0.001395600000023478
500,41,0.0019216989999222278
750,41,0.0061388999999962834
1000,41,0.003284000000121523
1250,41,0.00477309999996578
1500,41,0.006908398999939891
1750,41,0.006960700000036013
2000,41,0.00995839999995951
100,42,0.0003787999999076419
250,42,0.0006462000001192791
500,42,0.0020125999999436317
750,42,0.0016684989998339006
1000,42,0.0020046000001912034
1250,42,0.002440099999830636
1500,42,0.006834699999899385
1750,42,0.004114800000024843
2000,42,0.009226999000020442
100,43,0.00022210000020095322
250,43,0.0004973000000063621
500,43,0.001034599999911734
750,43,0.0014734999999745924
1000,43,0.0023033999998460786
1250,43,0.004095700000107172
1500,43,0.004949500000066109
1750,43,0.007273298999962208
2000,43,0.010950399999956062
100,44,0.00024280000002363522
250,44,0.0008433999998942454
500,44,0.0021335999999791966
750,44,0.0023842999999033054
1000,44,0.0032721990000936785
1250,44,0.004487499999868305
1500,44,0.008257699999830947
1750,44,0.006843599999911021
2000,44,0.008110900000019683
100,45,0.0002425999998649786
250,45,0.0006885999998758052
500,45,0.0022453999999925145
750,45,0.0024247000001196284
1000,45,0.003568899999891073
1250,45,0.00616369899989877
1500,45,0.005831100000023071
1750,45,0.004343000000062602
2000,45,0.005793899999844143
100,46,0.0001414000000750093
250,46,0.0003819000000930828
500,46,0.0017642999998770392
750,46,0.0020786000000043714
1000,46,0.0036769989999356767
1250,46,0.004386900000099558
1500,46,0.004579700000022058
1750,46,0.00700379999989309
2000,46,0.008222998999826814
100,47,0.0003059999999095453
250,47,0.0008221999999022955
500,47,0.0010268999999425432
750,47,0.0013708999999835214
1000,47,0.0032869000001483073
1250,47,0.0035860000000411674
1500,47,0.004868900000019494
1750,47,0.009049498999956995
2000,47,0.005824400000165042
100,48,0.0002279999998791027
250,48,0.0007176999999956024
500,48,0.0014957000000777043
750,48,0.003048100000114573
1000,48,0.002230000000054133
1250,48,0.004461899000034464
1500,48,0.005797499999971478
1750,48,0.0049784999998792046
2000,48,0.00828439899987643
100,49,0.00027730000010706135
250,49,0.0008519000000433152
500,49,0.001412400000162961
750,49,0.001815899999883186
1000,49,0.002814299999954528
1250,49,0.0032610999999178603
1500,49,0.005508899999995265
1750,49,0.006783399000141799
2000,49,0.004698400000052061
100,50,0.0003675000000384898
250,50,0.0006513999999242515
500,50,0.0013003999999909865
750,50,0.002849700000069788
1000,50,0.0026455000001988083
1250,50,0.0028009000000110973
1500,50,0.006893899000033343
1750,50,0.005124099999875398
2000,50,0.007396500000140804
